id,first_name,last_name,email,gender,ip_address
1,Jorgan,Shory,jshory0@spotify.com,Male,69.40.176.246
2,Corinna,Doige,cdoige1@sun.com,Female,22.17.59.79
3,Nataniel,Koppelmann,nkoppelmann2@drupal.org,Male,10.235.127.66
4,Dulcia,Cockrem,dcockrem3@histats.com,Female,9.76.71.63
5,Korella,Pauleau,kpauleau4@ustream.tv,Female,1.184.186.229
6,Virgie,Eddies,veddies5@domainmarket.com,Female,115.185.222.178
7,Arnuad,Paggitt,apaggitt6@msu.edu,Male,252.176.220.10
8,Jacki,Jodrelle,jjodrelle7@mozilla.org,Genderfluid,116.62.213.153
9,Gavin,Rendall,grendall8@a8.net,Male,234.45.219.157
10,Cassandra,Grew,cgrew9@japanpost.jp,Female,238.249.71.204
11,Aryn,Eaglestone,aeaglestonea@symantec.com,Female,183.240.212.166
12,Alfonso,Pomeroy,apomeroyb@geocities.com,Male,157.171.238.138
13,Gennie,Stovell,gstovellc@hexun.com,Female,155.93.106.15
14,Franchot,Rodgier,frodgierd@jalbum.net,Male,71.211.100.197
15,Kamila,Hollyland,khollylande@dot.gov,Female,234.99.53.154
16,Tersina,Rathke,trathkef@moonfruit.com,Female,53.67.235.86
17,Maurise,Flatt,mflattg@umn.edu,Female,245.114.80.38
18,Madlen,Sail,msailh@jigsy.com,Female,7.97.119.136
19,Eden,Frill,efrilli@pen.io,Bigender,254.207.215.62
20,Tulley,Darwood,tdarwoodj@msn.com,Male,5.168.133.208
21,Dana,Wykes,dwykesk@washingtonpost.com,Bigender,140.179.26.144
22,Latia,Artiss,lartissl@ebay.co.uk,Female,184.46.104.73
23,Porter,Schollick,pschollickm@networkadvertising.org,Male,142.224.244.54
24,Zulema,Chapiro,zchapiron@home.pl,Female,171.81.209.150
25,Candy,Raulston,craulstono@hhs.gov,Female,74.41.67.172
26,Hillery,Tuison,htuisonp@china.com.cn,Genderfluid,250.21.184.219
27,Leupold,Freezer,lfreezerq@businessinsider.com,Male,224.47.228.154
28,Peyter,Brooksby,pbrooksbyr@cnn.com,Male,184.10.215.138
29,Oby,Cheevers,ocheeverss@npr.org,Male,63.83.78.13
30,Noreen,McTurlough,nmcturlought@cbslocal.com,Female,70.235.228.27
31,Halette,Frye,hfryeu@nasa.gov,Female,243.106.248.83
32,Coop,Angeau,cangeauv@bravesites.com,Male,79.10.93.5
33,Ethe,Stains,estainsw@auda.org.au,Agender,119.106.226.100
34,Alina,Kienle,akienlex@wikimedia.org,Female,55.174.138.205
35,Franchot,Crayton,fcraytony@yellowbook.com,Male,254.235.205.242
36,Hastie,Raynton,hrayntonz@tripod.com,Agender,12.103.16.184
37,Gabbie,Gavrielly,ggavrielly10@examiner.com,Female,0.237.102.74
38,Belita,Wooldridge,bwooldridge11@upenn.edu,Female,144.44.96.222
39,Verna,Le Teve,vleteve12@furl.net,Female,81.89.213.233
40,Verene,Dempster,vdempster13@salon.com,Genderfluid,137.148.42.209
41,Skye,Tomovic,stomovic14@360.cn,Male,165.112.194.122
42,Lorilee,Davidi,ldavidi15@dell.com,Non-binary,33.169.52.15
43,Penny,Leighton,pleighton16@dmoz.org,Male,119.101.233.236
44,Felice,Kidwell,fkidwell17@homestead.com,Male,106.74.3.87
45,Maxie,Coverley,mcoverley18@patch.com,Female,66.229.128.192
46,Dianemarie,Densun,ddensun19@mozilla.com,Female,150.12.84.163
47,Morie,Full,mfull1a@live.com,Male,203.67.108.215
48,Townie,Spileman,tspileman1b@netvibes.com,Male,0.49.48.186
49,Jesse,Gradwell,jgradwell1c@so-net.ne.jp,Male,141.37.191.80
50,Maureen,Venmore,mvenmore1d@state.gov,Female,214.64.145.235
51,Elonore,Bonwick,ebonwick1e@i2i.jp,Female,108.97.155.166
52,Stavro,Stillgoe,sstillgoe1f@live.com,Male,248.105.113.255
53,La verne,Bart,lbart1g@nifty.com,Female,246.180.127.237
54,Penelope,Stiling,pstiling1h@comsenz.com,Genderfluid,22.116.41.201
55,Laurel,Feldfisher,lfeldfisher1i@ebay.co.uk,Non-binary,40.16.200.80
56,Larine,Wolsey,lwolsey1j@ameblo.jp,Female,233.220.33.250
57,Wilie,Jeakins,wjeakins1k@amazonaws.com,Female,249.121.113.79
58,Tamarra,Sueter,tsueter1l@w3.org,Female,6.49.198.82
59,Virgilio,Vairow,vvairow1m@gnu.org,Male,221.133.189.200
60,Lolita,Goudard,lgoudard1n@answers.com,Non-binary,202.133.229.251
61,Kristy,Platt,kplatt1o@paypal.com,Female,229.232.21.164
62,Matty,Kleinhaus,mkleinhaus1p@opensource.org,Male,128.41.64.47
63,Terrence,Overbury,toverbury1q@qq.com,Male,152.154.134.252
64,Crissie,Bruffell,cbruffell1r@symantec.com,Female,208.22.199.127
65,Mayne,Durnford,mdurnford1s@dyndns.org,Genderqueer,141.86.140.246
66,Morie,Le Grys,mlegrys1t@mlb.com,Male,226.38.165.50
67,Hildy,Avis,havis1u@sakura.ne.jp,Female,27.244.239.200
68,Pattie,Swaden,pswaden1v@blog.com,Agender,165.112.214.203
69,Tricia,Foyle,tfoyle1w@photobucket.com,Female,213.42.233.60
70,Mersey,Pennycock,mpennycock1x@google.ru,Female,63.162.169.32
71,Phip,Pfeffle,ppfeffle1y@ovh.net,Male,130.27.209.103
72,Bruno,Eager,beager1z@1688.com,Male,122.130.21.83
73,Alasteir,Shutler,ashutler20@sogou.com,Male,225.254.168.209
74,Timmie,Pimley,tpimley21@techcrunch.com,Male,59.128.116.218
75,Harry,Colleran,hcolleran22@unesco.org,Male,52.8.42.86
76,Clerkclaude,Stodhart,cstodhart23@washingtonpost.com,Male,56.116.186.130
77,Giusto,Adamides,gadamides24@1und1.de,Male,165.3.232.69
78,Sandye,Allonby,sallonby25@usa.gov,Female,12.158.181.31
79,Duky,Drynan,ddrynan26@sciencedaily.com,Male,163.54.124.113
80,Florry,Rany,frany27@slate.com,Female,192.105.155.108
81,Indira,Lidgerton,ilidgerton28@tumblr.com,Female,6.113.93.78
82,Serene,Bakesef,sbakesef29@angelfire.com,Female,132.227.45.238
83,Langsdon,Schaumaker,lschaumaker2a@ucoz.ru,Male,195.203.152.12
84,Heywood,Gaudin,hgaudin2b@marketwatch.com,Male,63.193.103.220
85,Josias,Dignan,jdignan2c@bizjournals.com,Male,224.116.13.79
86,Porty,Baff,pbaff2d@dell.com,Male,174.119.237.16
87,Bessy,Colegrove,bcolegrove2e@mediafire.com,Female,121.84.115.143
88,Jedidiah,Drewe,jdrewe2f@cam.ac.uk,Male,182.24.28.16
89,Adolph,Conklin,aconklin2g@usgs.gov,Male,37.144.46.181
90,Jerome,Barbery,jbarbery2h@yelp.com,Male,251.226.61.45
91,Tawsha,Chamley,tchamley2i@topsy.com,Female,203.124.128.253
92,Bord,Korf,bkorf2j@histats.com,Male,241.52.54.126
93,Law,Rooms,lrooms2k@tumblr.com,Polygender,26.113.218.167
94,Wit,Starbucke,wstarbucke2l@gnu.org,Male,158.156.127.117
95,Felicio,Whistance,fwhistance2m@wikipedia.org,Male,74.55.175.240
96,Toiboid,Wordley,twordley2n@dell.com,Male,174.136.72.219
97,Maggee,Hunday,mhunday2o@tripod.com,Agender,24.60.205.88
98,Jorie,Renzullo,jrenzullo2p@w3.org,Female,62.107.62.81
99,Ellsworth,Nortunen,enortunen2q@printfriendly.com,Male,138.135.166.222
100,Millisent,Moloney,mmoloney2r@umn.edu,Female,192.190.35.40
101,Tamarah,Gourlie,tgourlie2s@bizjournals.com,Female,208.135.229.44
102,Charity,Paolini,cpaolini2t@salon.com,Female,209.196.55.150
103,Robinson,Berridge,rberridge2u@nature.com,Male,201.102.111.72
104,Meade,McCreery,mmccreery2v@ocn.ne.jp,Male,43.194.252.143
105,Alvina,Jerschke,ajerschke2w@unicef.org,Polygender,185.174.242.19
106,Arvie,Cerie,acerie2x@mediafire.com,Male,214.184.62.44
107,Thomasina,Criple,tcriple2y@over-blog.com,Bigender,248.210.91.255
108,Brittney,O'Hanlon,bohanlon2z@ted.com,Female,202.205.151.70
109,Lorry,Barles,lbarles30@earthlink.net,Female,54.77.138.88
110,Eliot,Chaldecott,echaldecott31@edublogs.org,Male,18.105.171.11
111,Bibbye,Abele,babele32@topsy.com,Female,19.160.41.156
112,Karel,Petty,kpetty33@marketwatch.com,Female,97.90.191.64
113,Daryn,Cuppleditch,dcuppleditch34@businessweek.com,Female,130.254.209.243
114,Ware,Gillopp,wgillopp35@slashdot.org,Male,210.88.160.15
115,Haydon,Paulson,hpaulson36@usgs.gov,Male,16.64.130.101
116,Zilvia,Colton,zcolton37@xing.com,Female,221.231.254.80
117,Milicent,Feldhorn,mfeldhorn38@spiegel.de,Female,3.141.215.56
118,Costa,Taveriner,ctaveriner39@mediafire.com,Male,94.236.79.227
119,Rafaelia,Thomasen,rthomasen3a@sina.com.cn,Female,159.178.47.75
120,Rosina,Faucett,rfaucett3b@com.com,Female,30.159.156.250
121,Rozelle,Rawne,rrawne3c@accuweather.com,Female,239.170.229.42
122,Alanna,Dutton,adutton3d@dion.ne.jp,Female,229.34.66.0
123,Marcus,Girton,mgirton3e@trellian.com,Male,122.183.6.11
124,Taffy,Deboick,tdeboick3f@edublogs.org,Female,199.47.199.54
125,Brier,Shackelton,bshackelton3g@army.mil,Female,15.137.203.216
126,Andrus,Walsh,awalsh3h@cnn.com,Bigender,36.70.118.140
127,Niels,Bevis,nbevis3i@angelfire.com,Male,204.130.36.86
128,Guido,Benedtti,gbenedtti3j@vimeo.com,Male,169.199.71.206
129,Seana,Moxley,smoxley3k@sogou.com,Female,226.47.133.195
130,Babara,Danzey,bdanzey3l@reuters.com,Female,0.208.200.159
131,Liva,Moylane,lmoylane3m@sciencedirect.com,Female,193.55.123.9
132,Lanie,Potebury,lpotebury3n@networksolutions.com,Female,143.126.86.14
133,Cody,Lerer,clerer3o@samsung.com,Female,226.159.229.117
134,Brady,Betser,bbetser3p@twitpic.com,Male,251.247.203.175
135,Lyndsie,Coombes,lcoombes3q@freewebs.com,Female,24.218.206.58
136,Debera,McComas,dmccomas3r@pen.io,Female,14.216.162.177
137,Giorgia,Lucia,glucia3s@scientificamerican.com,Female,64.28.80.150
138,Nickolai,Daburn,ndaburn3t@rakuten.co.jp,Male,194.11.36.83
139,Angie,Dreghorn,adreghorn3u@1und1.de,Male,228.210.139.50
140,Marve,Bedle,mbedle3v@unc.edu,Male,119.53.79.27
141,Michele,Raiman,mraiman3w@businessweek.com,Male,251.204.44.126
142,Benson,Riediger,briediger3x@stanford.edu,Male,90.60.229.192
143,Ashly,Hawtrey,ahawtrey3y@taobao.com,Female,147.197.65.36
144,Lynnell,Brandassi,lbrandassi3z@seattletimes.com,Female,166.191.136.206
145,Constantina,Titcom,ctitcom40@smh.com.au,Female,70.188.140.55
146,Seth,Silver,ssilver41@liveinternet.ru,Polygender,89.198.211.205
147,Archer,Kullmann,akullmann42@mit.edu,Male,139.185.86.241
148,Sybila,Veivers,sveivers43@vkontakte.ru,Female,165.134.217.21
149,Francklin,Connop,fconnop44@jiathis.com,Male,159.224.62.111
150,Gwenore,Dovinson,gdovinson45@virginia.edu,Female,124.106.205.85
151,Brand,Wones,bwones46@yelp.com,Male,174.227.112.10
152,Paddie,Hagston,phagston47@blogger.com,Male,21.24.114.250
153,Porter,Loades,ploades48@reverbnation.com,Male,35.174.127.240
154,Myer,Meegan,mmeegan49@feedburner.com,Male,131.113.194.98
155,Saundra,Flitcroft,sflitcroft4a@youku.com,Female,242.11.200.32
156,Thorn,Beevers,tbeevers4b@taobao.com,Male,163.85.228.153
157,Darsie,Mordin,dmordin4c@weibo.com,Female,96.69.36.170
158,Idette,Sunnucks,isunnucks4d@pcworld.com,Female,10.71.111.98
159,Miof mela,Bonifas,mbonifas4e@lycos.com,Female,220.137.44.52
160,Orelee,Gealy,ogealy4f@lulu.com,Female,210.55.150.234
161,Margalo,Ornillos,mornillos4g@bloglovin.com,Female,88.40.143.48
162,Gracia,Chisnell,gchisnell4h@stumbleupon.com,Female,0.151.72.87
163,Daune,Brownsmith,dbrownsmith4i@harvard.edu,Female,118.11.182.44
164,Ingmar,Waleran,iwaleran4j@e-recht24.de,Male,4.116.19.45
165,Martica,Gregoraci,mgregoraci4k@artisteer.com,Female,233.217.66.2
166,Tiffie,Huegett,thuegett4l@51.la,Female,179.88.130.76
167,Coleen,Dreschler,cdreschler4m@mit.edu,Female,71.124.208.226
168,Phil,Moine,pmoine4n@csmonitor.com,Female,148.56.44.5
169,Trumaine,Lynn,tlynn4o@usa.gov,Male,171.87.94.95
170,Thornton,Bramhill,tbramhill4p@craigslist.org,Genderfluid,64.216.75.96
171,Neille,Gulvin,ngulvin4q@businessweek.com,Female,62.255.76.0
172,Marita,Soden,msoden4r@smh.com.au,Female,63.238.192.74
173,Ulick,Shillabeer,ushillabeer4s@mtv.com,Male,232.49.99.49
174,Wit,Vereker,wvereker4t@answers.com,Male,157.221.58.224
175,Rozalie,Wybron,rwybron4u@merriam-webster.com,Genderqueer,57.90.146.224
176,Merry,Danelut,mdanelut4v@barnesandnoble.com,Male,139.176.225.186
177,Kanya,Ruskin,kruskin4w@prweb.com,Female,157.165.8.89
178,Carson,Mattecot,cmattecot4x@google.fr,Male,38.110.1.29
179,Antin,Brookes,abrookes4y@yellowpages.com,Male,99.188.12.37
180,Ashla,Strand,astrand4z@networksolutions.com,Female,233.165.73.111
181,Francisco,Thorn,fthorn50@spotify.com,Male,92.214.112.35
182,Benji,Toland,btoland51@opera.com,Male,127.34.57.115
183,Guy,Presnall,gpresnall52@moonfruit.com,Genderqueer,111.122.37.101
184,Leonerd,Matuska,lmatuska53@cyberchimps.com,Genderqueer,134.34.114.73
185,Britni,Kilbey,bkilbey54@amazonaws.com,Female,233.167.133.109
186,Augustine,Farquar,afarquar55@indiatimes.com,Female,28.118.73.78
187,Norris,Arundell,narundell56@slate.com,Male,55.206.22.76
188,Gilbertina,Normanville,gnormanville57@dmoz.org,Female,106.15.193.190
189,Mickie,Carlet,mcarlet58@aol.com,Female,138.14.189.5
190,Lise,Milmo,lmilmo59@google.nl,Female,165.167.7.59
191,Cairistiona,Dronsfield,cdronsfield5a@discuz.net,Polygender,26.105.208.197
192,Cookie,Viles,cviles5b@howstuffworks.com,Female,82.243.173.45
193,Lezley,Froschauer,lfroschauer5c@nsw.gov.au,Male,79.150.56.223
194,Nessy,Widdowfield,nwiddowfield5d@last.fm,Female,173.9.168.214
195,Pietra,Castaignet,pcastaignet5e@printfriendly.com,Female,151.16.12.135
196,Amanda,Northeast,anortheast5f@wikipedia.org,Female,236.81.200.46
197,Corbett,Haldene,chaldene5g@posterous.com,Male,240.13.228.22
198,Molli,Bainbrigge,mbainbrigge5h@youku.com,Female,194.69.63.65
199,Emmalyn,Kaubisch,ekaubisch5i@upenn.edu,Female,242.181.171.128
200,Emile,Winterburn,ewinterburn5j@disqus.com,Male,84.205.48.31
201,Jori,Duinkerk,jduinkerk5k@bloglovin.com,Female,151.122.4.189
202,Helen,Langcastle,hlangcastle5l@symantec.com,Female,228.58.62.88
203,Ram,Izak,rizak5m@mlb.com,Male,125.80.2.9
204,Noah,Landeaux,nlandeaux5n@reverbnation.com,Male,218.130.201.174
205,Ebony,Filipczynski,efilipczynski5o@squarespace.com,Female,229.218.143.76
206,Jasun,Mingus,jmingus5p@123-reg.co.uk,Male,158.223.233.217
207,Suki,Springham,sspringham5q@census.gov,Female,105.178.83.187
208,Giorgia,Leneve,gleneve5r@geocities.jp,Female,242.108.240.12
209,Armando,Hovenden,ahovenden5s@geocities.jp,Male,231.88.159.92
210,Aryn,Bradwell,abradwell5t@pen.io,Female,229.5.110.162
211,Zorina,Spurdens,zspurdens5u@unc.edu,Female,237.34.182.82
212,Edita,Gehrels,egehrels5v@ezinearticles.com,Female,70.146.46.136
213,Baxy,Cochern,bcochern5w@myspace.com,Male,77.211.146.138
214,Ewell,Blaes,eblaes5x@blogs.com,Male,30.96.48.205
215,Cody,Balmforth,cbalmforth5y@example.com,Female,245.235.175.88
216,Langsdon,Bidewell,lbidewell5z@webs.com,Male,232.79.167.51
217,Arnaldo,Gazey,agazey60@slideshare.net,Male,199.95.102.243
218,Inga,Madgewick,imadgewick61@ca.gov,Female,179.146.146.215
219,Elias,Andriolli,eandriolli62@bloglovin.com,Male,101.168.255.29
220,Ranique,Lawee,rlawee63@about.me,Female,207.79.53.75
221,Joye,Eccleshare,jeccleshare64@buzzfeed.com,Female,69.105.19.65
222,Rab,Dmitriev,rdmitriev65@usda.gov,Male,206.249.33.93
223,Trudy,Houston,thouston66@sbwire.com,Female,220.240.46.40
224,Axel,Ram,aram67@netlog.com,Male,155.163.33.16
225,Gaultiero,Bloodworthe,gbloodworthe68@bandcamp.com,Genderfluid,238.178.222.95
226,Arin,Pervoe,apervoe69@businesswire.com,Male,70.42.238.183
227,Yovonnda,Aikett,yaikett6a@seesaa.net,Female,14.56.30.249
228,Barney,De-Ville,bdeville6b@imgur.com,Male,242.66.204.122
229,Dorthy,Springell,dspringell6c@chron.com,Female,208.114.14.91
230,Greg,Shuker,gshuker6d@skyrock.com,Male,178.218.88.97
231,Laura,Kagan,lkagan6e@earthlink.net,Female,245.105.49.118
232,Faustine,Tomczykiewicz,ftomczykiewicz6f@cornell.edu,Female,238.38.95.110
233,Noel,Ritelli,nritelli6g@a8.net,Male,113.48.144.23
234,Fanechka,Trewhela,ftrewhela6h@oaic.gov.au,Female,190.23.1.186
235,Dyan,Ivashkov,divashkov6i@psu.edu,Female,178.238.78.184
236,Genevieve,Nevin,gnevin6j@cargocollective.com,Female,197.166.183.229
237,Darlene,Hixley,dhixley6k@paginegialle.it,Female,124.154.114.224
238,Conroy,Stinton,cstinton6l@blogspot.com,Male,102.56.6.68
239,Gisela,Turk,gturk6m@cbc.ca,Genderfluid,62.156.134.198
240,Artemus,De Vaan,adevaan6n@java.com,Genderqueer,27.168.188.62
241,Alric,Gethouse,agethouse6o@sourceforge.net,Male,227.83.241.184
242,Floris,Clurow,fclurow6p@examiner.com,Female,28.59.223.40
243,Boony,McBain,bmcbain6q@comcast.net,Male,200.85.245.113
244,Dulcea,Grzelak,dgrzelak6r@nyu.edu,Female,37.76.148.64
245,Rabi,Desantis,rdesantis6s@fc2.com,Male,143.103.17.246
246,Elsy,Worswick,eworswick6t@epa.gov,Female,11.59.186.156
247,Dari,Gauler,dgauler6u@mediafire.com,Female,227.57.18.133
248,L;urette,Hupe,lhupe6v@rediff.com,Female,99.23.212.158
249,Bobinette,Ferneyhough,bferneyhough6w@washingtonpost.com,Female,138.220.251.35
250,Glenden,Beards,gbeards6x@examiner.com,Male,2.210.103.253
251,Darbee,Blackborow,dblackborow6y@cloudflare.com,Male,203.110.140.36
252,Hyacinthe,Paish,hpaish6z@businesswire.com,Female,200.127.197.114
253,Tadio,Bartholomew,tbartholomew70@ask.com,Male,59.198.26.223
254,Carolan,Parslow,cparslow71@eepurl.com,Female,110.240.179.43
255,Lindsay,Blench,lblench72@mysql.com,Agender,172.45.169.54
256,Lorita,Willgrass,lwillgrass73@google.cn,Non-binary,110.228.10.231
257,Olly,Chrippes,ochrippes74@sakura.ne.jp,Male,243.188.171.218
258,Onfre,Jest,ojest75@merriam-webster.com,Male,44.47.73.158
259,Lyndsay,Biagini,lbiagini76@zimbio.com,Female,85.128.7.226
260,Patricia,Dugan,pdugan77@tumblr.com,Female,138.64.141.254
261,Margalo,Marcinkus,mmarcinkus78@theglobeandmail.com,Female,76.101.175.23
262,Frank,Schanke,fschanke79@buzzfeed.com,Male,177.175.25.118
263,Brodie,Deerness,bdeerness7a@prweb.com,Male,161.125.238.113
264,Uta,Garrelts,ugarrelts7b@amazon.de,Female,66.35.11.173
265,Melessa,Dockray,mdockray7c@chron.com,Polygender,89.201.176.66
266,Gwenora,Ell,gell7d@statcounter.com,Female,135.15.8.90
267,Dame,Ennals,dennals7e@jalbum.net,Male,43.59.232.118
268,Frederick,Wraight,fwraight7f@xinhuanet.com,Male,134.46.20.148
269,Derry,Bonellie,dbonellie7g@vimeo.com,Male,65.123.210.140
270,Irwin,Ponten,iponten7h@twitpic.com,Male,113.219.127.147
271,Patience,Simonitto,psimonitto7i@dedecms.com,Female,13.239.16.66
272,Findlay,Abramsky,fabramsky7j@wsj.com,Male,49.14.236.106
273,Booth,Foddy,bfoddy7k@abc.net.au,Male,98.188.204.172
274,Shanan,Every,severy7l@usa.gov,Male,96.237.70.123
275,Lily,Simla,lsimla7m@newyorker.com,Female,45.34.206.104
276,Emmey,Windsor,ewindsor7n@cornell.edu,Female,49.157.45.162
277,Garnette,Harriot,gharriot7o@spotify.com,Female,87.19.19.234
278,Gussy,Spofforth,gspofforth7p@cloudflare.com,Female,243.172.195.131
279,Tymon,Menpes,tmenpes7q@bluehost.com,Male,181.9.211.206
280,Elaina,Bugbird,ebugbird7r@themeforest.net,Female,47.117.48.53
281,Elene,Stoile,estoile7s@livejournal.com,Female,226.229.153.146
282,Merrilee,Orange,morange7t@ca.gov,Female,250.110.114.206
283,Rance,Baudin,rbaudin7u@indiatimes.com,Male,16.53.154.165
284,Barnard,Bracher,bbracher7v@webs.com,Male,72.198.98.129
285,Hendrick,Tollow,htollow7w@opera.com,Male,138.141.152.201
286,El,Hriinchenko,ehriinchenko7x@barnesandnoble.com,Male,104.21.192.197
287,Morgan,Morcom,mmorcom7y@amazon.com,Agender,174.240.223.224
288,Magdaia,Bickerstaff,mbickerstaff7z@cam.ac.uk,Female,211.76.148.133
289,Alessandra,Duran,aduran80@theatlantic.com,Agender,119.251.162.155
290,Logan,Float,lfloat81@diigo.com,Male,62.241.187.93
291,Kassey,Proven,kproven82@tripod.com,Female,73.230.32.135
292,Gideon,Starton,gstarton83@discovery.com,Male,202.103.0.208
293,Carmina,Hendin,chendin84@nhs.uk,Female,145.221.155.241
294,Ashla,Sheards,asheards85@godaddy.com,Female,87.94.45.114
295,Darrick,Gratton,dgratton86@discuz.net,Male,211.249.40.183
296,Stanford,Reeders,sreeders87@sphinn.com,Male,89.14.175.245
297,Opaline,Mussettini,omussettini88@timesonline.co.uk,Female,108.107.16.167
298,Lydia,Haythornthwaite,lhaythornthwaite89@amazon.com,Female,18.190.31.105
299,Kelila,de Clerk,kdeclerk8a@salon.com,Female,91.91.73.117
300,Laurianne,Tonsley,ltonsley8b@bbb.org,Female,31.220.194.176
301,Vidovic,Lanphere,vlanphere8c@ask.com,Male,239.126.160.251
302,Conway,Vasiltsov,cvasiltsov8d@foxnews.com,Male,167.56.108.12
303,Beatrice,MacLure,bmaclure8e@360.cn,Female,43.227.156.106
304,Horten,Bohman,hbohman8f@xrea.com,Male,109.103.69.83
305,Fonsie,Sawer,fsawer8g@icq.com,Male,15.126.62.190
306,Kimble,Hedaux,khedaux8h@people.com.cn,Male,134.250.0.244
307,Simonne,Kave,skave8i@hugedomains.com,Female,147.70.159.114
308,Margeaux,Tivnan,mtivnan8j@youtu.be,Genderfluid,17.8.212.56
309,Pietrek,Slatford,pslatford8k@va.gov,Male,83.194.128.235
310,Park,Ferby,pferby8l@technorati.com,Bigender,30.252.236.126
311,Zoe,Gundry,zgundry8m@de.vu,Female,134.190.94.92
312,Lock,Rooney,lrooney8n@twitpic.com,Male,11.1.117.137
313,Shellie,Farrans,sfarrans8o@microsoft.com,Female,219.162.52.70
314,Alberta,Boakes,aboakes8p@businesswire.com,Female,72.192.122.175
315,Kristoffer,Denizet,kdenizet8q@vimeo.com,Male,226.219.101.140
316,Win,Studholme,wstudholme8r@newyorker.com,Male,64.24.28.58
317,Randie,Siddeley,rsiddeley8s@cnet.com,Male,97.211.165.67
318,Nellie,Cancellieri,ncancellieri8t@weibo.com,Female,119.64.158.75
319,Evvie,Walch,ewalch8u@craigslist.org,Female,91.156.122.17
320,Darren,Tiptaft,dtiptaft8v@tumblr.com,Male,3.114.192.20
321,Florenza,Needham,fneedham8w@wordpress.org,Female,112.215.105.134
322,Eugenie,Lexa,elexa8x@blogger.com,Female,51.202.120.242
323,Valina,Atthowe,vatthowe8y@adobe.com,Female,134.61.57.184
324,Glendon,Titheridge,gtitheridge8z@toplist.cz,Male,165.55.1.56
325,Quint,Pods,qpods90@ycombinator.com,Male,193.40.217.129
326,Robbyn,Kosiada,rkosiada91@nifty.com,Female,55.207.12.236
327,Myrna,Stapells,mstapells92@drupal.org,Female,65.198.22.110
328,Arie,Kauschke,akauschke93@psu.edu,Male,112.62.236.166
329,Gusella,Warland,gwarland94@si.edu,Female,29.29.173.22
330,Neddie,Adess,nadess95@icio.us,Male,111.76.127.72
331,Shela,Downes,sdownes96@scientificamerican.com,Female,193.212.103.51
332,Burr,Vinten,bvinten97@e-recht24.de,Male,213.51.140.133
333,Chrissie,Parkin,cparkin98@ihg.com,Female,123.108.189.142
334,Barbara,Stickings,bstickings99@goodreads.com,Female,224.162.49.35
335,Miquela,MacClancey,mmacclancey9a@digg.com,Female,163.186.72.169
336,Pammy,Snawden,psnawden9b@behance.net,Female,178.132.146.123
337,Lucky,Reynish,lreynish9c@sphinn.com,Female,247.192.251.105
338,Ignaz,Beaten,ibeaten9d@elpais.com,Male,10.237.208.57
339,Elmo,Cutler,ecutler9e@cargocollective.com,Polygender,35.69.213.184
340,Ilyssa,Eshmade,ieshmade9f@redcross.org,Female,111.160.27.126
341,Elisha,Haizelden,ehaizelden9g@japanpost.jp,Bigender,169.70.51.223
342,Vinnie,Josefovic,vjosefovic9h@vkontakte.ru,Female,255.56.87.154
343,Donn,Dartnell,ddartnell9i@ca.gov,Male,109.86.130.138
344,Marlane,Dregan,mdregan9j@who.int,Female,198.0.110.246
345,Thibaut,Bonin,tbonin9k@storify.com,Male,139.143.200.193
346,Miriam,Spary,mspary9l@hubpages.com,Non-binary,221.96.83.250
347,Tressa,Sargent,tsargent9m@prweb.com,Female,126.243.246.41
348,Dorolisa,Quainton,dquainton9n@ft.com,Female,62.6.48.98
349,Vally,McKinnon,vmckinnon9o@pinterest.com,Female,126.17.130.219
350,Marleen,Scally,mscally9p@jimdo.com,Female,75.146.131.169
351,Waly,Cardall,wcardall9q@macromedia.com,Female,58.14.103.146
352,Leesa,Windross,lwindross9r@goo.ne.jp,Agender,142.189.167.237
353,Barnaby,Flute,bflute9s@merriam-webster.com,Male,158.108.14.75
354,Amby,Reaveley,areaveley9t@smugmug.com,Male,25.90.96.209
355,Veronike,Duggen,vduggen9u@list-manage.com,Female,154.200.243.226
356,Jacintha,McRavey,jmcravey9v@wisc.edu,Female,241.55.245.38
357,Fairfax,Garriock,fgarriock9w@elegantthemes.com,Male,195.5.228.147
358,Obadias,Bolletti,obolletti9x@phpbb.com,Non-binary,40.123.140.50
359,Cassandra,Jeeks,cjeeks9y@miitbeian.gov.cn,Female,61.58.251.19
360,Harcourt,Yoxen,hyoxen9z@blogtalkradio.com,Male,226.126.152.48
361,Fulvia,Kunisch,fkunischa0@blogger.com,Genderfluid,185.43.255.57
362,Roxi,Dubock,rdubocka1@weibo.com,Female,145.187.120.112
363,Julian,Tytterton,jtyttertona2@indiegogo.com,Male,29.11.251.193
364,Calida,Cassell,ccassella3@topsy.com,Female,51.191.24.127
365,Waldemar,Langstaff,wlangstaffa4@cafepress.com,Male,211.188.251.114
366,Wood,Fibben,wfibbena5@is.gd,Male,179.33.234.11
367,Raddy,Dray,rdraya6@ustream.tv,Male,74.188.87.20
368,Dyanne,Marshfield,dmarshfielda7@woothemes.com,Female,175.217.109.95
369,Dennie,Shaw,dshawa8@de.vu,Female,139.14.170.99
370,Lev,Ridder,lriddera9@hp.com,Bigender,203.192.97.218
371,Gabriel,Dunley,gdunleyaa@google.co.jp,Female,155.134.11.162
372,Blane,Perrat,bperratab@foxnews.com,Male,50.15.246.85
373,Lane,Elger,lelgerac@mediafire.com,Female,148.229.202.237
374,Niles,Dafydd,ndafyddad@fotki.com,Male,4.134.173.248
375,Ivy,Janczewski,ijanczewskiae@fc2.com,Female,142.197.143.12
376,Temp,Dougherty,tdoughertyaf@howstuffworks.com,Male,155.189.180.162
377,Gradey,Meagher,gmeagherag@springer.com,Male,57.152.180.212
378,Madeline,Lyal,mlyalah@fc2.com,Female,246.227.205.127
379,Helene,Barkhouse,hbarkhouseai@msu.edu,Female,249.82.200.231
380,Lynea,Lesley,llesleyaj@theguardian.com,Female,93.82.199.144
381,Kliment,Braybrookes,kbraybrookesak@123-reg.co.uk,Polygender,100.50.142.209
382,Lyndy,Loddon,lloddonal@mashable.com,Female,171.231.64.90
383,Marika,Lutwyche,mlutwycheam@youtu.be,Female,244.239.216.212
384,Merry,Potkin,mpotkinan@earthlink.net,Male,106.78.2.115
385,Basil,Gladdish,bgladdishao@unc.edu,Male,157.220.169.50
386,Corney,Conford,cconfordap@nature.com,Genderfluid,78.177.88.166
387,Yancey,Chettoe,ychettoeaq@china.com.cn,Male,233.116.194.113
388,Chicky,Worthington,cworthingtonar@china.com.cn,Genderfluid,60.133.141.34
389,Corney,Oven,covenas@smh.com.au,Genderqueer,99.222.73.25
390,Octavia,Knibbs,oknibbsat@home.pl,Female,15.124.254.243
391,Sigvard,Kerman,skermanau@cdc.gov,Genderfluid,166.119.242.249
392,Garv,Blunsom,gblunsomav@squidoo.com,Male,74.201.40.73
393,Steffie,Sentance,ssentanceaw@princeton.edu,Female,190.83.21.124
394,Denney,Rainey,draineyax@bloglines.com,Male,111.77.225.137
395,Grata,Benedidick,gbenedidickay@vk.com,Female,110.129.185.64
396,Merrili,MacGall,mmacgallaz@sciencedirect.com,Female,27.4.74.220
397,Bonny,Decreuze,bdecreuzeb0@phpbb.com,Female,119.173.103.141
398,Loraine,Gerish,lgerishb1@bandcamp.com,Female,180.163.89.28
399,Brenna,Arons,baronsb2@sourceforge.net,Female,226.118.55.12
400,Abbe,Ivshin,aivshinb3@dion.ne.jp,Genderfluid,11.8.201.38
401,Jackie,Klimpt,jklimptb4@ihg.com,Male,142.158.11.4
402,Tiffi,Houndson,thoundsonb5@tmall.com,Female,67.89.165.84
403,Archibold,MacNeish,amacneishb6@army.mil,Male,47.94.12.130
404,Lucy,Djekovic,ldjekovicb7@apple.com,Female,193.18.184.208
405,Odelinda,Briscoe,obriscoeb8@washington.edu,Female,241.201.46.7
406,Walther,Feast,wfeastb9@toplist.cz,Male,59.8.200.165
407,Mark,Bargh,mbarghba@cafepress.com,Male,105.213.81.144
408,Benedicto,Berryann,bberryannbb@flavors.me,Male,238.137.100.115
409,Amalea,Bloss,ablossbc@w3.org,Female,58.71.45.108
410,Osbert,Wane,owanebd@wufoo.com,Male,199.227.95.9
411,Rich,Corrett,rcorrettbe@fotki.com,Male,146.83.106.77
412,Velma,Tebboth,vtebbothbf@nyu.edu,Female,138.134.106.21
413,Tab,Sumner,tsumnerbg@fema.gov,Male,138.11.110.51
414,Malchy,Prandi,mprandibh@microsoft.com,Male,184.4.242.8
415,Nikolas,Bahde,nbahdebi@nih.gov,Non-binary,86.58.60.24
416,Sarge,Bennedick,sbennedickbj@dailymail.co.uk,Male,138.143.149.170
417,Averell,Bollard,abollardbk@parallels.com,Male,151.98.6.210
418,Vaughan,Bouda,vboudabl@disqus.com,Male,136.16.126.202
419,Vinnie,Jacques,vjacquesbm@scribd.com,Male,19.33.148.187
420,Pierson,Heddy,pheddybn@plala.or.jp,Male,73.249.18.32
421,Lynnea,Benda,lbendabo@g.co,Female,180.113.213.245
422,Gena,Gomes,ggomesbp@upenn.edu,Female,218.222.219.163
423,Celka,Meenan,cmeenanbq@wordpress.org,Female,227.67.37.93
424,Blayne,Swann,bswannbr@cnet.com,Male,131.63.211.32
425,Seth,Sindle,ssindlebs@loc.gov,Male,138.210.209.2
426,Ki,Trahar,ktraharbt@csmonitor.com,Female,175.196.188.110
427,Shane,Bone,sbonebu@dropbox.com,Male,211.232.108.108
428,Nadeen,Josefsohn,njosefsohnbv@howstuffworks.com,Female,220.10.180.208
429,Iormina,Cruttenden,icruttendenbw@hc360.com,Female,213.246.64.118
430,Aloysius,Pentony,apentonybx@typepad.com,Male,72.146.210.7
431,Beverlie,McCaughren,bmccaughrenby@imageshack.us,Female,94.227.127.139
432,Chery,Kitchin,ckitchinbz@microsoft.com,Female,34.129.241.19
433,Sigismondo,Mayte,smaytec0@netlog.com,Genderqueer,190.59.254.109
434,Lesley,Denisovo,ldenisovoc1@nasa.gov,Female,43.247.136.72
435,Casey,Maddocks,cmaddocksc2@hugedomains.com,Female,226.122.58.209
436,Kienan,Foss,kfossc3@vinaora.com,Male,150.53.172.219
437,Ryley,Matussov,rmatussovc4@marriott.com,Male,108.8.162.85
438,Karim,Lantoph,klantophc5@php.net,Genderqueer,254.56.2.66
439,Woodie,Freer,wfreerc6@theatlantic.com,Male,70.235.81.125
440,Lu,Probets,lprobetsc7@washingtonpost.com,Female,213.223.226.193
441,Edna,Holt,eholtc8@fotki.com,Female,84.56.245.30
442,Mac,Daudray,mdaudrayc9@canalblog.com,Genderqueer,242.115.191.225
443,Maddi,Froment,mfromentca@howstuffworks.com,Female,183.229.107.84
444,Clement,Lillford,clillfordcb@t-online.de,Male,111.146.189.222
445,Donnell,McCague,dmccaguecc@cpanel.net,Bigender,245.237.252.199
446,Diana,Eberlein,deberleincd@skyrock.com,Female,70.243.24.44
447,Ario,Coniam,aconiamce@cdbaby.com,Male,182.171.234.113
448,Rossie,Cranton,rcrantoncf@unc.edu,Male,38.68.56.215
449,Benedicta,Romi,bromicg@msn.com,Female,230.173.91.156
450,Chiarra,Reily,creilych@uol.com.br,Female,199.131.49.11
451,Lezley,Hucklesby,lhucklesbyci@oracle.com,Male,33.163.208.90
452,Dare,Regnard,dregnardcj@washington.edu,Male,205.120.145.83
453,Tommy,Regnard,tregnardck@skype.com,Male,129.49.56.1
454,Geoffrey,Bortolozzi,gbortolozzicl@bluehost.com,Male,243.37.254.33
455,Jeremias,Perring,jperringcm@newyorker.com,Male,0.48.81.168
456,Brucie,Wickstead,bwicksteadcn@webnode.com,Male,63.0.180.147
457,Stinky,Borgnol,sborgnolco@irs.gov,Male,208.100.237.27
458,Caty,Di Napoli,cdinapolicp@amazon.co.jp,Agender,62.65.241.23
459,Jefferson,Jacobowitz,jjacobowitzcq@edublogs.org,Male,213.96.163.187
460,Curtis,Nyles,cnylescr@google.co.uk,Male,34.144.220.134
461,Oren,McBryde,omcbrydecs@gov.uk,Male,240.229.201.31
462,Jenifer,Danihelka,jdanihelkact@illinois.edu,Female,206.229.186.159
463,Rayshell,Doers,rdoerscu@mozilla.org,Genderfluid,104.239.136.91
464,Adore,Scarasbrick,ascarasbrickcv@netvibes.com,Female,244.218.217.166
465,Camella,Pascoe,cpascoecw@wufoo.com,Female,178.193.49.80
466,Thoma,Robberecht,trobberechtcx@goodreads.com,Male,5.116.23.167
467,Camila,Leftbridge,cleftbridgecy@earthlink.net,Female,2.254.234.57
468,Tybi,Bratley,tbratleycz@soup.io,Female,224.151.100.120
469,Maxie,Pepperrall,mpepperralld0@imageshack.us,Male,124.0.171.138
470,Allyn,Northridge,anorthridged1@is.gd,Male,188.235.83.11
471,Bruis,Jump,bjumpd2@people.com.cn,Male,152.177.23.101
472,Gan,Cicchinelli,gcicchinellid3@intel.com,Male,177.84.234.167
473,Bert,Gosden,bgosdend4@bloglovin.com,Female,227.224.19.56
474,Burtie,Flewett,bflewettd5@linkedin.com,Male,73.145.205.225
475,Rita,Markussen,rmarkussend6@sbwire.com,Female,2.99.78.247
476,Franny,Fullun,ffullund7@usda.gov,Female,63.38.167.230
477,Martguerita,Gunning,mgunningd8@slashdot.org,Polygender,89.27.23.122
478,Kaylil,Slora,kslorad9@jigsy.com,Female,126.53.221.210
479,Cordi,Flippen,cflippenda@furl.net,Female,93.14.120.138
480,Fabiano,Chittenden,fchittendendb@artisteer.com,Male,247.198.42.112
481,Cornelia,Lowfill,clowfilldc@homestead.com,Female,233.91.160.185
482,Wallace,Mityukov,wmityukovdd@thetimes.co.uk,Male,190.53.26.69
483,Kylie,Streeting,kstreetingde@army.mil,Female,184.43.174.193
484,Fredi,MacPhail,fmacphaildf@paginegialle.it,Female,214.16.15.46
485,Jerrold,Hackforth,jhackforthdg@arizona.edu,Male,177.26.133.66
486,Lorens,Sambells,lsambellsdh@ning.com,Male,151.55.102.240
487,Muffin,Buswell,mbuswelldi@example.com,Male,210.205.44.55
488,Maurits,Diggins,mdigginsdj@microsoft.com,Male,82.100.173.210
489,Birk,Covington,bcovingtondk@huffingtonpost.com,Male,41.248.55.173
490,Kevyn,Stood,kstooddl@acquirethisname.com,Female,62.65.85.184
491,Mireielle,Oldcroft,moldcroftdm@example.com,Female,32.63.101.154
492,Fanchon,Crosdill,fcrosdilldn@weebly.com,Female,142.164.41.140
493,Der,Goodsal,dgoodsaldo@flickr.com,Male,187.89.55.202
494,Hermie,Farnie,hfarniedp@ihg.com,Male,147.156.0.32
495,Katerine,Hamsher,khamsherdq@dropbox.com,Female,211.251.185.49
496,Katharine,Cockton,kcocktondr@1und1.de,Female,47.252.77.170
497,Francklyn,Holwell,fholwellds@squarespace.com,Male,66.89.72.141
498,Xerxes,Fridd,xfridddt@altervista.org,Male,206.51.78.89
499,Gabriel,Double,gdoubledu@slashdot.org,Female,46.137.188.45
500,Niki,Axon,naxondv@google.es,Male,9.37.224.165
501,Rena,Gretton,rgrettondw@themeforest.net,Female,211.164.186.88
502,Arluene,Lippini,alippinidx@loc.gov,Female,7.164.51.12
503,Sheff,Lyddyard,slyddyarddy@cam.ac.uk,Male,255.113.194.225
504,Martina,Llorente,mllorentedz@blinklist.com,Female,138.0.147.38
505,Javier,Cops,jcopse0@discuz.net,Male,35.226.100.129
506,Ellyn,Togher,etoghere1@webs.com,Female,87.217.95.16
507,Shena,Mascall,smascalle2@sbwire.com,Female,84.118.113.102
508,Beckie,Ker,bkere3@toplist.cz,Female,10.73.84.202
509,Arri,Cranefield,acranefielde4@free.fr,Male,216.68.181.229
510,Farlay,Brugsma,fbrugsmae5@networksolutions.com,Male,252.190.173.124
511,Francklyn,Lanbertoni,flanbertonie6@cloudflare.com,Male,2.54.22.177
512,Bard,Baldazzi,bbaldazzie7@washington.edu,Male,244.141.21.121
513,Orella,Grinley,ogrinleye8@wsj.com,Non-binary,74.3.167.178
514,Drugi,Milmore,dmilmoree9@fda.gov,Male,85.202.79.67
515,Maddalena,Nieass,mnieassea@china.com.cn,Female,118.253.98.138
516,Ana,De Michetti,ademichettieb@wix.com,Female,5.33.2.119
517,Farrel,Godmer,fgodmerec@icq.com,Male,105.42.219.121
518,Genevra,Ritch,gritched@reuters.com,Female,75.95.63.141
519,Michell,Gadsdon,mgadsdonee@latimes.com,Female,254.105.231.207
520,Crystie,Brisse,cbrisseef@vinaora.com,Female,62.123.131.23
521,Richy,Caulier,rcauliereg@blogs.com,Male,12.182.47.170
522,Jae,Haliburton,jhaliburtoneh@globo.com,Male,7.223.159.11
523,Arabela,Scoggans,ascoggansei@accuweather.com,Female,60.219.108.232
524,Myrta,Breckwell,mbreckwellej@google.pl,Female,114.65.68.251
525,Bevin,Biggerdike,bbiggerdikeek@stanford.edu,Male,253.238.153.80
526,Carol,Tollow,ctollowel@mail.ru,Polygender,211.62.178.110
527,Burke,Clewer,bclewerem@nba.com,Male,77.89.7.182
528,Kaspar,Healy,khealyen@ft.com,Male,104.129.57.58
529,Belicia,Rehm,brehmeo@google.com.hk,Female,176.145.98.25
530,Rica,Weathey,rweatheyep@trellian.com,Female,43.224.210.22
531,Nester,Bazeley,nbazeleyeq@wordpress.com,Male,154.240.170.142
532,Auberon,Blondelle,ablondelleer@fda.gov,Male,93.224.37.133
533,Andrew,Flattman,aflattmanes@360.cn,Male,140.6.6.87
534,Fremont,Walesa,fwalesaet@linkedin.com,Non-binary,55.133.204.1
535,Karim,Dirr,kdirreu@hubpages.com,Agender,13.240.71.203
536,Hoebart,O'Sheilds,hosheildsev@marriott.com,Male,195.104.43.247
537,Beitris,Kleinholz,bkleinholzew@instagram.com,Genderfluid,100.66.42.59
538,Mellisa,Manuelli,mmanuelliex@yolasite.com,Female,127.46.65.208
539,Sherlock,Rolfini,srolfiniey@army.mil,Male,130.95.176.119
540,Stormie,McVeighty,smcveightyez@sakura.ne.jp,Female,188.238.103.96
541,Marcia,Ferrucci,mferruccif0@comsenz.com,Female,161.101.141.54
542,Barrett,Benne,bbennef1@gravatar.com,Agender,162.105.135.200
543,Georgianne,Lippitt,glippittf2@dailymail.co.uk,Female,0.205.203.35
544,Darci,Grimshaw,dgrimshawf3@dmoz.org,Female,16.113.187.75
545,Towney,Matkin,tmatkinf4@amazonaws.com,Male,0.138.94.106
546,Nicolea,Whelpdale,nwhelpdalef5@dot.gov,Female,75.158.21.17
547,Clair,Obeney,cobeneyf6@tripadvisor.com,Female,125.46.148.150
548,Abdul,Streader,astreaderf7@economist.com,Male,229.191.72.102
549,Hatty,Merricks,hmerricksf8@cornell.edu,Female,117.214.93.46
550,Stearne,Parslow,sparslowf9@hostgator.com,Male,13.127.48.128
551,Cindee,Sawbridge,csawbridgefa@csmonitor.com,Female,17.206.242.229
552,Gaylene,Penvarden,gpenvardenfb@imageshack.us,Female,190.186.29.195
553,Jared,Gouley,jgouleyfc@mapy.cz,Male,108.242.111.145
554,Holt,Peegrem,hpeegremfd@usnews.com,Male,88.35.149.29
555,Obie,Terrell,oterrellfe@shinystat.com,Male,122.105.8.11
556,Boyce,Portt,bporttff@about.me,Bigender,190.103.213.198
557,Tomi,Kewzick,tkewzickfg@deliciousdays.com,Female,164.132.57.185
558,Catha,Varvara,cvarvarafh@hugedomains.com,Bigender,66.222.220.125
559,Petrina,Renish,prenishfi@wunderground.com,Female,222.172.167.71
560,Deirdre,Nettles,dnettlesfj@prweb.com,Female,9.130.150.150
561,Esme,MacRury,emacruryfk@ning.com,Male,23.10.173.106
562,Allianora,Stemp,astempfl@un.org,Female,25.239.213.42
563,Reinhold,Kirkam,rkirkamfm@washington.edu,Male,144.149.139.13
564,Steffen,Wheadon,swheadonfn@google.co.uk,Male,71.125.62.181
565,Oralee,Carnduff,ocarndufffo@macromedia.com,Non-binary,188.146.22.26
566,Gustavus,Stredwick,gstredwickfp@sakura.ne.jp,Male,123.220.96.23
567,Horatius,Scarborough,hscarboroughfq@facebook.com,Male,238.252.143.131
568,Kiah,Borne,kbornefr@home.pl,Female,218.196.223.140
569,Biddie,Sellers,bsellersfs@nature.com,Female,120.47.113.229
570,Gilberto,Coolson,gcoolsonft@miitbeian.gov.cn,Male,53.186.114.45
571,Eddi,Josebury,ejoseburyfu@smugmug.com,Female,208.198.65.196
572,Annabela,Tomczykiewicz,atomczykiewiczfv@wordpress.com,Female,145.250.130.185
573,Boniface,Beadel,bbeadelfw@unesco.org,Male,27.13.96.197
574,Aksel,Girsch,agirschfx@vk.com,Male,121.231.98.157
575,Christoforo,Cridge,ccridgefy@dedecms.com,Male,219.211.190.90
576,Florrie,Collingworth,fcollingworthfz@japanpost.jp,Female,51.197.174.197
577,Ginevra,Garlicke,ggarlickeg0@whitehouse.gov,Agender,97.61.10.24
578,Judon,Scyone,jscyoneg1@independent.co.uk,Male,61.88.129.137
579,Krystle,Lester,klesterg2@amazon.co.uk,Female,92.7.31.131
580,Delcina,Illing,dillingg3@xinhuanet.com,Female,50.137.48.139
581,Goober,Tumber,gtumberg4@typepad.com,Male,134.117.30.120
582,Joel,Fellon,jfellong5@tinyurl.com,Male,174.27.237.163
583,Brendis,Stanger,bstangerg6@google.com.au,Male,187.244.154.46
584,Gwenni,Elcock,gelcockg7@census.gov,Female,170.212.36.38
585,Lorne,Knipe,lknipeg8@unblog.fr,Male,196.250.180.250
586,Arman,Fader,afaderg9@mozilla.org,Male,144.235.240.2
587,Naoma,Boultwood,nboultwoodga@google.it,Female,230.139.205.120
588,Israel,Rabidge,irabidgegb@timesonline.co.uk,Male,71.251.117.134
589,Seka,Padbury,spadburygc@netvibes.com,Female,249.13.147.101
590,Bernadine,Ovize,bovizegd@vk.com,Female,126.243.85.183
591,Siobhan,Eldridge,seldridgege@cnet.com,Female,232.184.230.93
592,Rosana,Pavkovic,rpavkovicgf@typepad.com,Female,106.90.145.46
593,Colette,Simmgen,csimmgengg@biblegateway.com,Female,118.245.118.71
594,Dulcy,Murr,dmurrgh@feedburner.com,Female,150.136.203.180
595,See,Dinsell,sdinsellgi@ucla.edu,Male,252.223.119.73
596,Yvor,Aishford,yaishfordgj@youku.com,Male,225.178.157.89
597,Klarika,Mushrow,kmushrowgk@surveymonkey.com,Female,208.156.226.254
598,Doris,Powe,dpowegl@edublogs.org,Female,69.247.160.118
599,Susanna,Nuton,snutongm@hugedomains.com,Female,48.136.144.159
600,Karlotta,Hancorn,khancorngn@technorati.com,Female,199.221.176.221
601,Chrysa,Lortzing,clortzinggo@nhs.uk,Female,69.230.228.220
602,Dill,Geany,dgeanygp@biglobe.ne.jp,Genderqueer,219.165.240.213
603,Alexei,Gentiry,agentirygq@smh.com.au,Male,214.59.152.190
604,Rhys,Prestner,rprestnergr@vkontakte.ru,Male,67.156.189.146
605,Lowell,Cousens,lcousensgs@hao123.com,Male,80.123.197.23
606,Glenn,Doche,gdochegt@timesonline.co.uk,Male,37.178.27.113
607,Arie,Blaisdale,ablaisdalegu@nature.com,Agender,95.244.15.108
608,Maren,Dallewater,mdallewatergv@answers.com,Female,195.44.6.125
609,Catherina,Housegoe,chousegoegw@globo.com,Female,73.132.49.41
610,Teena,Danilovitch,tdanilovitchgx@tuttocitta.it,Female,151.81.72.205
611,Archy,Witheridge,awitheridgegy@altervista.org,Polygender,189.49.26.56
612,Lilias,Spurnier,lspurniergz@parallels.com,Female,100.143.54.51
613,Bat,Macquire,bmacquireh0@tamu.edu,Male,242.172.186.130
614,Nathaniel,Magrannell,nmagrannellh1@wordpress.org,Male,220.35.22.121
615,Gauthier,Tomisch,gtomischh2@1688.com,Male,67.144.11.230
616,Sanson,Feavearyear,sfeavearyearh3@sakura.ne.jp,Male,176.246.42.154
617,Neille,Dimberline,ndimberlineh4@rediff.com,Female,95.188.23.169
618,Cam,Murby,cmurbyh5@businesswire.com,Female,84.228.2.29
619,Linnea,Hartnell,lhartnellh6@npr.org,Bigender,110.218.117.34
620,Bethany,Dayborne,bdayborneh7@tripadvisor.com,Female,250.128.190.134
621,Reeta,Beardsley,rbeardsleyh8@scribd.com,Female,232.153.88.141
622,Stacie,Artiss,sartissh9@dion.ne.jp,Female,45.153.101.249
623,Robinet,Kimbell,rkimbellha@taobao.com,Male,54.155.14.80
624,Jerrold,Bertson,jbertsonhb@taobao.com,Male,162.14.172.3
625,Inger,Olensby,iolensbyhc@archive.org,Female,122.206.240.56
626,Ronnica,Venables,rvenableshd@slashdot.org,Female,3.111.9.47
627,Joli,Lecointe,jlecointehe@samsung.com,Female,148.20.236.234
628,Angie,Brookwell,abrookwellhf@angelfire.com,Male,35.12.96.250
629,Merle,Wiley,mwileyhg@angelfire.com,Male,248.125.48.148
630,June,Duckering,jduckeringhh@businessinsider.com,Female,170.222.143.89
631,Bendicty,Cohen,bcohenhi@rakuten.co.jp,Male,226.197.76.238
632,Sergeant,Samart,ssamarthj@accuweather.com,Male,203.3.236.85
633,Kenyon,Smitham,ksmithamhk@icio.us,Polygender,231.189.211.180
634,Ravi,Cosely,rcoselyhl@yelp.com,Male,22.185.168.79
635,Lyon,Ronchetti,lronchettihm@about.me,Male,2.215.31.34
636,Damon,Favelle,dfavellehn@yale.edu,Polygender,143.122.187.66
637,Eileen,Sedger,esedgerho@google.cn,Female,188.164.251.184
638,Peri,Escoffrey,pescoffreyhp@ning.com,Female,17.15.168.3
639,Marilyn,Gardener,mgardenerhq@wikispaces.com,Female,221.238.198.104
640,Jeannette,Rebert,jreberthr@edublogs.org,Female,38.33.143.15
641,Hank,Seage,hseagehs@cmu.edu,Male,76.224.100.240
642,Jules,Jacmard,jjacmardht@amazon.co.jp,Male,175.82.85.10
643,Sidoney,Drayson,sdraysonhu@noaa.gov,Female,51.157.93.182
644,Karol,Rampley,krampleyhv@issuu.com,Female,201.215.21.95
645,Reeta,Lawry,rlawryhw@upenn.edu,Agender,36.114.109.66
646,Karita,Tresler,ktreslerhx@purevolume.com,Female,238.216.255.95
647,Claudette,Loughnan,cloughnanhy@jigsy.com,Female,97.22.20.189
648,Dee dee,Kleinhaus,dkleinhaushz@biglobe.ne.jp,Female,133.63.15.243
649,Augusto,Deetlefs,adeetlefsi0@mit.edu,Male,251.1.105.45
650,Berkeley,Pyffe,bpyffei1@mayoclinic.com,Male,12.182.118.216
651,George,Ronnay,gronnayi2@typepad.com,Female,192.174.158.245
652,Fran,Balston,fbalstoni3@google.com.au,Male,135.88.26.226
653,Derrik,Barltrop,dbarltropi4@spotify.com,Male,133.254.109.191
654,Lenora,Durrand,ldurrandi5@comsenz.com,Female,255.239.145.24
655,Helga,Errey,herreyi6@ed.gov,Female,78.190.82.95
656,Sauveur,Hance,shancei7@g.co,Male,85.66.115.192
657,Elijah,Hucquart,ehucquarti8@msu.edu,Male,214.175.162.86
658,Dill,Lovel,dloveli9@pen.io,Male,254.18.33.42
659,Glyn,Olivelli,golivelliia@wix.com,Bigender,83.12.229.39
660,Elke,Magrannell,emagrannellib@ft.com,Female,6.66.248.253
661,Diane-marie,Cases,dcasesic@ucsd.edu,Female,251.176.234.214
662,Wheeler,Hudel,whudelid@youtu.be,Male,184.168.157.119
663,Falkner,Ingles,finglesie@abc.net.au,Male,108.107.12.213
664,June,Golds,jgoldsif@businesswire.com,Female,87.121.41.181
665,Orlando,Laddle,oladdleig@cpanel.net,Male,60.226.165.178
666,Warren,Trussler,wtrusslerih@dell.com,Male,114.78.20.214
667,Putnem,Anster,pansterii@baidu.com,Male,236.169.1.101
668,Jule,Jolliman,jjollimanij@github.io,Male,82.217.135.248
669,Justine,Lumox,jlumoxik@t-online.de,Female,7.81.79.248
670,Gustavus,Croan,gcroanil@ca.gov,Male,162.17.31.120
671,Lenee,Domenici,ldomeniciim@addthis.com,Non-binary,22.47.166.48
672,Mac,Elfe,melfein@ihg.com,Male,33.144.10.69
673,Yuma,Linning,ylinningio@mashable.com,Male,186.171.238.6
674,Jaymee,Bartolommeo,jbartolommeoip@reference.com,Female,148.214.157.154
675,Rianon,Stentiford,rstentifordiq@ted.com,Female,113.48.29.244
676,Ewell,Pretty,eprettyir@google.co.uk,Male,56.51.216.20
677,Anjela,Roylance,aroylanceis@boston.com,Female,194.217.251.205
678,Jackie,Bayne,jbayneit@irs.gov,Female,135.175.74.143
679,Gene,Giddings,ggiddingsiu@spotify.com,Male,102.241.231.113
680,Noll,Gilliat,ngilliativ@pagesperso-orange.fr,Bigender,113.37.16.93
681,Samuele,Disbury,sdisburyiw@nasa.gov,Male,213.103.40.31
682,Darell,Harston,dharstonix@technorati.com,Female,5.203.17.122
683,Karna,Rodell,krodelliy@bloomberg.com,Female,40.247.2.64
684,Gavin,Skeeles,gskeelesiz@g.co,Male,26.47.206.50
685,Toddy,Wharton,twhartonj0@tinypic.com,Male,93.165.121.155
686,Lulu,Highman,lhighmanj1@kickstarter.com,Female,185.117.33.136
687,Cirillo,Richardin,crichardinj2@zimbio.com,Male,138.202.173.171
688,Alon,Deinhardt,adeinhardtj3@ycombinator.com,Male,17.119.11.127
689,Daloris,Gasson,dgassonj4@ibm.com,Non-binary,210.22.102.6
690,Kissee,Ovey,koveyj5@tiny.cc,Female,209.50.173.124
691,Shell,Judron,sjudronj6@google.ca,Female,112.32.25.155
692,Myron,Bellord,mbellordj7@oracle.com,Male,187.115.126.42
693,Artie,Davenhall,adavenhallj8@craigslist.org,Male,151.2.243.105
694,Mable,Twallin,mtwallinj9@naver.com,Female,105.16.32.111
695,Elnora,Forrington,eforringtonja@google.ca,Female,136.6.117.125
696,Anastassia,Glamart,aglamartjb@domainmarket.com,Female,137.81.2.231
697,Sela,Mattusov,smattusovjc@vimeo.com,Female,90.163.93.7
698,Ernaline,Kmicicki,ekmicickijd@about.com,Female,239.124.13.233
699,Gal,Barzen,gbarzenje@biblegateway.com,Male,200.122.241.249
700,Carney,Jerrom,cjerromjf@who.int,Male,123.226.204.32
701,Ryley,Kilmister,rkilmisterjg@imgur.com,Male,96.170.11.249
702,Hervey,Ramsier,hramsierjh@reference.com,Bigender,212.192.196.251
703,Mirabelle,Willcock,mwillcockji@jimdo.com,Female,234.186.118.110
704,Alvera,Oliffe,aoliffejj@e-recht24.de,Female,210.119.16.77
705,Aguistin,Phateplace,aphateplacejk@wunderground.com,Non-binary,255.134.71.104
706,Sharron,Badsey,sbadseyjl@storify.com,Female,235.156.252.214
707,Anallese,Mehew,amehewjm@ucoz.ru,Female,233.131.170.124
708,Kahaleel,McAndie,kmcandiejn@berkeley.edu,Male,136.223.246.160
709,Solly,Horley,shorleyjo@elegantthemes.com,Genderqueer,1.174.67.7
710,Henrieta,Gladwish,hgladwishjp@wikia.com,Female,212.107.63.188
711,Adi,De la Eglise,adelaeglisejq@theatlantic.com,Female,96.24.61.74
712,Brent,Wynes,bwynesjr@aboutads.info,Male,51.156.1.40
713,Carter,Tidder,ctidderjs@amazon.de,Male,178.233.178.251
714,Tildi,Honeyghan,thoneyghanjt@washington.edu,Female,54.200.71.255
715,Freida,Roizn,froiznju@scientificamerican.com,Female,222.31.221.121
716,Ferdinande,Pigot,fpigotjv@wordpress.org,Genderfluid,62.46.166.117
717,Sena,McConnal,smcconnaljw@sciencedaily.com,Female,30.137.155.210
718,Morey,Lockless,mlocklessjx@sphinn.com,Male,255.69.224.6
719,Farrah,Furlow,ffurlowjy@phoca.cz,Female,34.189.145.117
720,Natty,Heibel,nheibeljz@cbslocal.com,Male,85.5.50.178
721,Brunhilde,Coker,bcokerk0@mysql.com,Female,248.64.79.223
722,Ignace,Bazell,ibazellk1@github.com,Male,117.223.149.173
723,Darcie,Jira,djirak2@baidu.com,Female,191.28.82.49
724,Garland,Quail,gquailk3@godaddy.com,Female,204.99.112.223
725,Sheffie,Fairhall,sfairhallk4@telegraph.co.uk,Male,130.162.87.225
726,Staci,Duff,sduffk5@privacy.gov.au,Female,229.222.187.225
727,Desiri,MacGrath,dmacgrathk6@vimeo.com,Female,14.122.74.160
728,Lind,Pedder,lpedderk7@artisteer.com,Male,192.224.45.40
729,Ajay,Casa,acasak8@google.nl,Female,65.84.206.144
730,Kerr,Durling,kdurlingk9@biglobe.ne.jp,Male,71.205.19.210
731,Ambrosi,Golland,agollandka@skyrock.com,Male,30.205.244.43
732,Philipa,Mulqueeny,pmulqueenykb@wisc.edu,Female,109.101.234.222
733,Mendel,Wesker,mweskerkc@hexun.com,Male,11.63.150.146
734,Rupert,Orta,rortakd@etsy.com,Male,171.0.115.139
735,Ali,Redmell,aredmellke@microsoft.com,Female,121.179.40.250
736,Lil,Songust,lsongustkf@blog.com,Female,38.94.197.199
737,Hasheem,Braker,hbrakerkg@si.edu,Male,251.76.119.169
738,Godart,May,gmaykh@alibaba.com,Male,19.47.0.81
739,Isaak,Ponder,iponderki@redcross.org,Male,165.139.233.195
740,Lion,Lammertz,llammertzkj@sina.com.cn,Genderqueer,87.19.104.135
741,Estell,Illem,eillemkk@nhs.uk,Polygender,124.193.254.244
742,Barbabra,De Malchar,bdemalcharkl@zimbio.com,Female,155.20.49.26
743,Kipper,Bellson,kbellsonkm@ycombinator.com,Genderfluid,187.149.163.132
744,Christiano,Marklin,cmarklinkn@comcast.net,Male,166.35.114.148
745,Abagael,Bartrop,abartropko@europa.eu,Female,81.24.90.105
746,Errol,Kivits,ekivitskp@flickr.com,Male,225.64.30.30
747,Sydel,Geraldi,sgeraldikq@stumbleupon.com,Female,81.139.38.154
748,Cordie,Dailey,cdaileykr@yellowbook.com,Female,156.184.80.146
749,Town,Leaming,tleamingks@51.la,Male,41.74.174.28
750,Casi,Louedey,clouedeykt@addthis.com,Female,71.219.43.94
751,Briana,Feirn,bfeirnku@wired.com,Genderfluid,160.223.173.162
752,Ole,Haddleton,ohaddletonkv@cloudflare.com,Male,130.224.186.98
753,Martynne,Brophy,mbrophykw@home.pl,Female,30.237.43.239
754,Gisella,Brewitt,gbrewittkx@va.gov,Female,25.101.41.170
755,Sherri,Aylmore,saylmoreky@smh.com.au,Female,151.55.46.240
756,Edmund,Dregan,edregankz@edublogs.org,Male,248.93.61.191
757,Meredeth,Calfe,mcalfel0@issuu.com,Male,53.85.39.37
758,Ferguson,Simmonett,fsimmonettl1@myspace.com,Male,146.72.5.38
759,Carlo,Rosenvasser,crosenvasserl2@engadget.com,Male,26.2.194.249
760,Rogerio,Thyer,rthyerl3@dropbox.com,Male,136.254.243.193
761,Sigfrid,Stirrup,sstirrupl4@ovh.net,Male,190.9.60.43
762,Jordanna,Chippendale,jchippendalel5@alibaba.com,Female,206.209.227.246
763,Calypso,Purry,cpurryl6@wix.com,Female,65.51.211.246
764,Heinrik,Waldram,hwaldraml7@addtoany.com,Male,14.224.202.156
765,Jada,Sylvester,jsylvesterl8@blogs.com,Female,138.147.105.67
766,Tami,Harnetty,tharnettyl9@google.co.uk,Female,150.72.0.72
767,Margo,Wilmington,mwilmingtonla@webeden.co.uk,Female,158.104.58.1
768,Lois,todor,ltodorlb@posterous.com,Female,17.43.53.208
769,Julia,Arrow,jarrowlc@wikipedia.org,Polygender,232.244.228.146
770,Sibel,Geerdts,sgeerdtsld@1und1.de,Female,50.98.133.46
771,Levin,Yeudall,lyeudallle@gov.uk,Male,130.39.80.79
772,Ginger,Ancliff,ganclifflf@yolasite.com,Male,33.177.110.50
773,Katerine,Bleakley,kbleakleylg@wsj.com,Female,124.197.156.187
774,Oren,Tapin,otapinlh@hostgator.com,Male,217.28.221.201
775,Tedra,Fane,tfaneli@army.mil,Female,17.110.144.140
776,Benetta,Brimble,bbrimblelj@patch.com,Female,119.176.93.229
777,Frasier,MacSherry,fmacsherrylk@quantcast.com,Genderfluid,28.158.187.102
778,Kaylil,Buckthought,kbuckthoughtll@cbsnews.com,Female,194.78.150.14
779,Caroline,Yaus,cyauslm@comsenz.com,Female,167.216.82.222
780,Corilla,Antcliff,cantcliffln@i2i.jp,Female,111.100.124.7
781,Ximenes,Betjes,xbetjeslo@prlog.org,Male,246.42.61.155
782,Avigdor,Ashfield,aashfieldlp@scribd.com,Male,229.168.238.184
783,Else,Dundridge,edundridgelq@studiopress.com,Female,82.105.122.69
784,Dee dee,Cliss,dclisslr@woothemes.com,Female,50.105.90.71
785,Petr,Puckey,ppuckeyls@foxnews.com,Male,88.25.162.198
786,Crista,Hullbrook,chullbrooklt@thetimes.co.uk,Female,27.103.239.146
787,Linet,Zuann,lzuannlu@twitter.com,Female,204.18.69.131
788,Ulla,Trousdell,utrousdelllv@mlb.com,Female,76.128.50.149
789,Homerus,Grunwald,hgrunwaldlw@fotki.com,Genderqueer,28.229.101.45
790,Nettie,Pauli,npaulilx@home.pl,Female,77.176.152.221
791,Lorie,Fayre,lfayrely@paypal.com,Female,175.218.83.194
792,Bethanne,Prewett,bprewettlz@plala.or.jp,Female,109.191.92.177
793,Wyatan,Thaine,wthainem0@marketwatch.com,Male,1.108.129.165
794,Burg,Koppens,bkoppensm1@disqus.com,Male,28.55.229.38
795,Davin,Waltering,dwalteringm2@posterous.com,Male,115.203.20.35
796,Umberto,Marqyes,umarqyesm3@reuters.com,Male,69.88.246.146
797,Batholomew,Lowdham,blowdhamm4@forbes.com,Male,175.249.131.179
798,Timofei,Paybody,tpaybodym5@is.gd,Male,122.187.205.102
799,Aguistin,Coleshill,acoleshillm6@wordpress.org,Male,208.168.45.216
800,Dulci,Pennoni,dpennonim7@ihg.com,Female,198.172.176.77
801,Gerti,Treagus,gtreagusm8@globo.com,Female,51.107.127.53
802,Shelbi,Swaddle,sswaddlem9@xrea.com,Female,182.130.72.185
803,Farly,Mussettini,fmussettinima@qq.com,Male,210.226.127.127
804,Klarika,Minillo,kminillomb@rakuten.co.jp,Female,218.193.115.107
805,Virgil,McQuode,vmcquodemc@alexa.com,Male,59.166.113.5
806,Averil,Casburn,acasburnmd@uiuc.edu,Male,88.96.29.134
807,Matti,Wickerson,mwickersonme@yelp.com,Female,235.127.26.153
808,Amery,Presslee,apressleemf@buzzfeed.com,Male,77.23.71.198
809,Milo,Pozer,mpozermg@arizona.edu,Male,101.162.239.66
810,Tiffani,Cardnell,tcardnellmh@netvibes.com,Female,75.133.239.106
811,Chen,Arnold,carnoldmi@prweb.com,Male,46.253.250.100
812,Piotr,Chater,pchatermj@nba.com,Male,181.26.156.212
813,Marya,Hurler,mhurlermk@hostgator.com,Female,89.235.136.160
814,Jandy,Tomalin,jtomalinml@springer.com,Female,59.216.33.221
815,Linea,Rintoul,lrintoulmm@sfgate.com,Female,126.169.20.185
816,Jeana,Eldridge,jeldridgemn@nba.com,Female,192.200.226.69
817,Jannel,Jacke,jjackemo@wikimedia.org,Female,201.67.86.245
818,Ingra,Kiloh,ikilohmp@meetup.com,Male,132.216.38.114
819,Jaquenetta,Kennedy,jkennedymq@technorati.com,Female,33.248.119.19
820,Thayne,Mattityahou,tmattityahoumr@clickbank.net,Male,1.28.115.211
821,Salli,Balazot,sbalazotms@cnbc.com,Female,140.85.223.54
822,Waldemar,Cornier,wcorniermt@simplemachines.org,Male,79.156.50.49
823,Bobinette,Drover,bdrovermu@spotify.com,Female,255.79.0.48
824,Beryl,Maud,bmaudmv@sogou.com,Female,156.179.198.20
825,Reena,Ellor,rellormw@php.net,Female,4.105.250.239
826,Helaine,Wernher,hwernhermx@ning.com,Agender,14.11.128.103
827,Rhianna,Langthorne,rlangthornemy@meetup.com,Genderqueer,60.191.225.95
828,Hester,Kitcat,hkitcatmz@nifty.com,Female,207.84.190.50
829,Gretal,Tunesi,gtunesin0@mail.ru,Female,110.250.195.219
830,Bobine,Willbourne,bwillbournen1@biglobe.ne.jp,Female,219.125.124.65
831,Ilyssa,Bissiker,ibissikern2@bizjournals.com,Female,93.197.237.58
832,Cyrill,Meron,cmeronn3@wikimedia.org,Male,67.240.9.200
833,Dominick,McInnerny,dmcinnernyn4@zimbio.com,Male,209.12.15.177
834,Elga,Rubinchik,erubinchikn5@ifeng.com,Female,108.27.164.35
835,Bobbie,Threlfall,bthrelfalln6@wunderground.com,Male,15.87.22.232
836,Fraser,Eouzan,feouzann7@google.ru,Agender,6.72.187.100
837,Hagan,Fishburn,hfishburnn8@foxnews.com,Male,234.126.234.16
838,Judah,Imloch,jimlochn9@trellian.com,Male,49.26.148.182
839,Madge,Postance,mpostancena@reference.com,Female,103.158.13.156
840,Flossy,Deane,fdeanenb@imdb.com,Female,197.184.8.159
841,Pamelina,Taffarello,ptaffarellonc@miibeian.gov.cn,Female,207.158.238.161
842,Nahum,Shepcutt,nshepcuttnd@edublogs.org,Polygender,219.218.204.104
843,Buck,Kaye,bkayene@issuu.com,Male,229.50.105.1
844,Khalil,Stackbridge,kstackbridgenf@facebook.com,Male,33.28.173.237
845,Page,Mahaddy,pmahaddyng@cnn.com,Female,86.61.34.31
846,Trefor,Itzakson,titzaksonnh@biblegateway.com,Male,191.85.99.238
847,Ber,Greves,bgrevesni@kickstarter.com,Male,15.226.93.167
848,Broderic,Jerrolt,bjerroltnj@instagram.com,Male,241.82.98.195
849,Garwin,Corhard,gcorhardnk@cam.ac.uk,Male,10.97.169.130
850,Lucita,Mash,lmashnl@cam.ac.uk,Female,238.218.155.208
851,Danita,Bellingham,dbellinghamnm@wix.com,Female,82.39.215.76
852,Timotheus,Biddwell,tbiddwellnn@archive.org,Male,169.96.232.179
853,Blanche,Hammelberg,bhammelbergno@engadget.com,Female,58.139.125.207
854,Clementina,Braybrookes,cbraybrookesnp@mac.com,Female,31.193.125.156
855,Anabelle,Ford,afordnq@etsy.com,Female,18.18.78.251
856,Nicol,Headey,nheadeynr@ibm.com,Male,247.231.30.14
857,Cally,Olivari,colivarins@weather.com,Female,9.134.39.43
858,Shanna,Walliker,swallikernt@exblog.jp,Female,85.238.93.27
859,Teirtza,Nealon,tnealonnu@patch.com,Female,219.65.145.220
860,Wileen,McCallister,wmccallisternv@cloudflare.com,Female,235.79.161.142
861,Cordell,Godmar,cgodmarnw@cmu.edu,Male,75.69.74.207
862,Corny,Gwioneth,cgwionethnx@bizjournals.com,Female,87.56.129.229
863,Rex,Maton,rmatonny@xrea.com,Bigender,17.147.103.54
864,Stevy,Whewill,swhewillnz@people.com.cn,Male,11.171.73.169
865,Elladine,Whitsey,ewhitseyo0@infoseek.co.jp,Female,41.93.249.26
866,Brig,Snedden,bsneddeno1@google.es,Male,13.240.110.25
867,Winnah,Duddan,wduddano2@sogou.com,Female,49.126.22.80
868,Corny,Haskur,chaskuro3@cam.ac.uk,Male,232.113.35.183
869,Kevan,Iiannoni,kiiannonio4@adobe.com,Male,244.242.34.180
870,Pierre,MacCostigan,pmaccostigano5@sina.com.cn,Male,106.137.190.218
871,Parnell,Cammocke,pcammockeo6@independent.co.uk,Male,69.55.56.170
872,Reade,Windous,rwindouso7@google.ru,Polygender,6.138.48.1
873,Danyette,Phillput,dphillputo8@google.es,Female,146.135.93.74
874,Ralph,Bims,rbimso9@webeden.co.uk,Male,133.29.183.163
875,Cece,Vigus,cvigusoa@etsy.com,Male,117.148.54.44
876,Nerissa,Marciek,nmarciekob@usa.gov,Female,28.49.233.103
877,Rosaleen,Berndtssen,rberndtssenoc@skyrock.com,Female,86.48.19.7
878,Lonnie,Abdee,labdeeod@hp.com,Male,60.6.11.98
879,Win,Gellert,wgellertoe@chicagotribune.com,Male,36.141.119.32
880,Thedrick,Grimsley,tgrimsleyof@rediff.com,Male,94.15.64.30
881,Madelene,Aylen,maylenog@imgur.com,Polygender,199.104.39.104
882,Gamaliel,Dobsons,gdobsonsoh@liveinternet.ru,Male,154.233.124.237
883,Clara,Confort,cconfortoi@merriam-webster.com,Female,234.205.3.35
884,Meyer,Dummigan,mdummiganoj@alexa.com,Male,53.90.98.161
885,Lind,Clemenceau,lclemenceauok@npr.org,Male,158.11.126.242
886,Chip,Prangle,cprangleol@webs.com,Male,90.176.208.243
887,Ryon,Corringham,rcorringhamom@ed.gov,Male,7.243.226.114
888,Lance,Chaffe,lchaffeon@cpanel.net,Male,149.16.232.29
889,Hestia,McKitterick,hmckitterickoo@nature.com,Female,10.46.65.244
890,Carmelle,Crossley,ccrossleyop@people.com.cn,Female,32.114.139.67
891,Harriot,Habbema,hhabbemaoq@joomla.org,Bigender,14.159.230.121
892,Kevina,Muir,kmuiror@shutterfly.com,Agender,109.81.46.223
893,Donovan,Bediss,dbedissos@mit.edu,Agender,218.89.141.216
894,Tremayne,Parcall,tparcallot@lycos.com,Male,22.97.104.238
895,Thia,Stripling,tstriplingou@seesaa.net,Female,119.110.67.238
896,Gratiana,Gokes,ggokesov@facebook.com,Female,130.44.167.50
897,Rex,Lindsay,rlindsayow@dagondesign.com,Male,53.52.64.150
898,Randell,Laxton,rlaxtonox@miibeian.gov.cn,Male,218.105.68.180
899,Pasquale,Vane,pvaneoy@live.com,Male,183.75.85.128
900,Charmian,Stranger,cstrangeroz@youku.com,Female,23.143.37.248
901,Irene,Ridoutt,iridouttp0@pbs.org,Female,171.198.122.85
902,Finn,Dobel,fdobelp1@spiegel.de,Male,98.43.23.78
903,Clarissa,Kytter,ckytterp2@toplist.cz,Female,94.4.206.98
904,Leicester,Danielou,ldanieloup3@lulu.com,Male,169.131.70.61
905,Meriel,Rapi,mrapip4@diigo.com,Female,64.1.18.29
906,Marissa,Janisson,mjanissonp5@tinypic.com,Female,160.34.128.57
907,Barry,Keedwell,bkeedwellp6@cnn.com,Male,235.108.172.94
908,Kimbell,Troucher,ktroucherp7@wufoo.com,Male,146.23.102.238
909,Lorin,Hainey,lhaineyp8@nymag.com,Male,133.46.36.95
910,Junie,Turfitt,jturfittp9@netscape.com,Female,58.78.38.90
911,Morena,Ocheltree,mocheltreepa@jiathis.com,Female,156.82.74.100
912,Sky,Graddon,sgraddonpb@vinaora.com,Male,86.123.170.65
913,Tamarah,Meadmore,tmeadmorepc@bravesites.com,Female,238.146.234.118
914,Fred,Goodfellow,fgoodfellowpd@networksolutions.com,Female,77.138.121.128
915,Lorrie,Sanches,lsanchespe@reverbnation.com,Male,128.188.41.37
916,Celeste,Gallyhaock,cgallyhaockpf@so-net.ne.jp,Female,241.203.179.128
917,Winnie,Barkaway,wbarkawaypg@wordpress.com,Male,7.0.98.7
918,Zacherie,Purser,zpurserph@tamu.edu,Male,110.220.15.154
919,Darin,Quilliam,dquilliampi@google.cn,Male,53.196.175.187
920,Jeth,Ivatt,jivattpj@answers.com,Male,141.216.183.245
921,Boonie,Shury,bshurypk@merriam-webster.com,Male,82.15.2.106
922,Chrotoem,Peacock,cpeacockpl@privacy.gov.au,Genderqueer,240.25.212.117
923,Agata,Kenion,akenionpm@nymag.com,Female,94.177.169.141
924,Reinhold,Camber,rcamberpn@blog.com,Male,61.203.166.132
925,Ethelind,Grimsdike,egrimsdikepo@phoca.cz,Female,20.52.126.79
926,Hollie,Randals,hrandalspp@nymag.com,Female,28.136.36.51
927,Gerald,Earland,gearlandpq@bloglovin.com,Male,150.41.220.204
928,Kingston,Pinkney,kpinkneypr@mtv.com,Male,26.78.125.174
929,Derward,Halfhide,dhalfhideps@linkedin.com,Polygender,214.249.232.252
930,Dannie,Armal,darmalpt@bizjournals.com,Female,0.11.78.75
931,Marlo,Cowle,mcowlepu@princeton.edu,Male,241.169.30.53
932,Wenda,Blackaller,wblackallerpv@fastcompany.com,Female,223.229.138.71
933,Jamaal,Andre,jandrepw@histats.com,Male,139.115.55.242
934,Bill,McAndrew,bmcandrewpx@google.com.au,Non-binary,244.203.127.90
935,Natty,Yoell,nyoellpy@prlog.org,Male,122.82.203.90
936,Kaine,Tertre,ktertrepz@marketwatch.com,Male,116.243.5.194
937,Paula,Lawler,plawlerq0@sfgate.com,Female,107.53.142.6
938,Nancey,Seres,nseresq1@telegraph.co.uk,Female,171.224.155.47
939,Roy,Zum Felde,rzumfeldeq2@arstechnica.com,Male,96.59.150.118
940,Phil,Tyght,ptyghtq3@behance.net,Female,162.168.77.104
941,Sergei,Reach,sreachq4@comcast.net,Male,223.236.9.86
942,Hally,Grinin,hgrininq5@yale.edu,Female,148.153.201.166
943,Chrystel,Loghan,cloghanq6@typepad.com,Female,167.162.236.110
944,Bennie,Sancho,bsanchoq7@mozilla.com,Bigender,227.19.214.130
945,Teodoor,McArthur,tmcarthurq8@ucsd.edu,Male,231.177.140.25
946,Adiana,Pinson,apinsonq9@xinhuanet.com,Female,246.93.225.241
947,Gregory,Niese,gnieseqa@blogger.com,Male,59.84.89.38
948,April,Sealey,asealeyqb@utexas.edu,Agender,4.14.86.62
949,Sampson,Watling,swatlingqc@tumblr.com,Male,23.99.13.78
950,Angus,Minthorpe,aminthorpeqd@yellowpages.com,Male,59.130.101.191
951,Ralph,Clemett,rclemettqe@salon.com,Male,206.195.21.141
952,Emmery,Fancutt,efancuttqf@joomla.org,Male,116.250.57.244
953,Tabitha,Vigers,tvigersqg@gizmodo.com,Female,183.217.164.33
954,Shellie,Rylstone,srylstoneqh@nsw.gov.au,Bigender,171.238.29.241
955,Care,Schriren,cschrirenqi@eepurl.com,Male,61.80.125.6
956,Nerte,Gronous,ngronousqj@fema.gov,Female,217.98.61.171
957,Randolf,Kruger,rkrugerqk@jugem.jp,Male,170.54.94.208
958,Edvard,Timmis,etimmisql@joomla.org,Male,154.100.82.114
959,Biddy,Whichelow,bwhichelowqm@narod.ru,Female,202.132.63.27
960,Ruby,Sapsforde,rsapsfordeqn@goo.gl,Female,76.112.155.246
961,Gertruda,Fischer,gfischerqo@imageshack.us,Genderqueer,205.212.0.242
962,Ezequiel,Brumwell,ebrumwellqp@mediafire.com,Male,19.199.194.205
963,Laney,Southward,lsouthwardqq@t-online.de,Male,174.45.27.26
964,Shaine,Basketfield,sbasketfieldqr@harvard.edu,Female,46.54.248.58
965,Malcolm,Peppard,mpeppardqs@cisco.com,Male,154.132.249.72
966,Claudio,Schulke,cschulkeqt@com.com,Male,150.236.166.78
967,Hana,Relfe,hrelfequ@imdb.com,Female,87.69.150.16
968,Alvera,Royle,aroyleqv@bloglovin.com,Genderqueer,19.150.34.214
969,Warner,Tomanek,wtomanekqw@geocities.com,Male,50.92.72.122
970,Adolf,Robens,arobensqx@edublogs.org,Male,177.26.9.76
971,Isis,Whelpdale,iwhelpdaleqy@mysql.com,Female,13.58.199.108
972,Melva,Castanaga,mcastanagaqz@multiply.com,Female,244.147.143.181
973,Andria,Clague,aclaguer0@latimes.com,Female,76.192.190.90
974,Peter,Kingswood,pkingswoodr1@webs.com,Male,96.124.172.18
975,Miguel,Billsberry,mbillsberryr2@drupal.org,Male,229.146.44.245
976,Nellie,Harmar,nharmarr3@usnews.com,Female,232.154.133.248
977,Ethyl,Parley,eparleyr4@lulu.com,Female,103.195.33.74
978,Giovanna,Jecock,gjecockr5@usatoday.com,Female,86.23.181.37
979,Tymon,Gabbot,tgabbotr6@free.fr,Male,99.6.124.190
980,Adriana,Kirby,akirbyr7@imageshack.us,Female,228.142.44.48
981,Kare,Farney,kfarneyr8@github.io,Female,198.147.69.0
982,Merralee,McGarry,mmcgarryr9@usatoday.com,Female,157.49.13.11
983,Orly,MacCrackan,omaccrackanra@seattletimes.com,Female,248.239.18.129
984,Julina,Turnbull,jturnbullrb@mail.ru,Female,156.26.21.73
985,Colene,Syversen,csyversenrc@answers.com,Non-binary,75.44.48.211
986,Franklyn,Cordeau],fcordeaurd@house.gov,Male,46.126.18.28
987,Kelley,D'Souza,kdsouzare@i2i.jp,Male,87.255.163.211
988,Mile,Balsdone,mbalsdonerf@mtv.com,Male,60.197.154.15
989,Clem,Mennear,cmennearrg@oaic.gov.au,Male,48.205.232.136
990,Brunhilde,Reck,breckrh@unblog.fr,Female,18.244.177.41
991,Sigvard,Oldall,soldallri@wired.com,Male,217.165.168.171
992,Shellysheldon,Torbett,storbettrj@barnesandnoble.com,Male,219.112.72.54
993,Ricki,Trundle,rtrundlerk@europa.eu,Female,22.176.128.238
994,Briano,Garrick,bgarrickrl@imageshack.us,Male,66.168.38.12
995,Rycca,Gland,rglandrm@devhub.com,Female,167.20.236.179
996,Frederigo,Lamburn,flamburnrn@xrea.com,Male,197.120.43.201
997,Sada,Galland,sgallandro@smugmug.com,Female,96.201.246.72
998,Mathian,Rathke,mrathkerp@topsy.com,Agender,103.105.21.205
999,Sam,Fouracres,sfouracresrq@house.gov,Male,255.18.211.120
1000,Caye,Duddan,cduddanrr@ow.ly,Female,32.186.24.183
